{
    "plugins": [
        "hide-published-with",
        "-sharing", "sharing-plus",
        "theme-api",
        "codeblock-filename",
        "prism",
        "-highlight",
        "copy-code-button",
        "-lunr", "-search", "search-pro",
        "back-to-top-button",
        "popup",
        "chapter-fold",
        "heading-anchors",
        "adsense"
    ],


    "pluginsConfig": {
        "prism": {
            "css": [
                "prismjs/themes/prism-monokai.css"
            ]
        },
        "theme-default": {
            "showLevel": true
        },
        "adsense": {
            "client": "ca-pub-7097619231360132",
            "slot": "",
            "format": "auto",
            "element": ".page-inner section",
            "position": "bottom"
        },
        "sharing": {
            "douban": false,
            "facebook": true,
            "google": true,
            "pocket": false,
            "qq": true,
            "qzone": true,
            "twitter": true,
            "weibo": true,
            "all": [
                "douban", "facebook", "google", "instapaper", "linkedin", "twitter", "weibo",
                "messenger", "qq", "qzone", "viber", "whatsapp"
            ]
        }
    }
}